x,y,class
4.182038278,3.153911163,0
4.292300336,2.414975101,0
3.76658261,2.742852259,0
3.307194924,2.392126677,0
3.620953261,3.117809051,0
3.679897068,3.109815856,0
3.726488713,2.896979142,0
3.873848133,2.68653261,0
3.980390473,2.889378511,0
3.791666336,2.861971282,0
4.309255999,2.599965024,0
4.493948625,3.260776273,0
4.289977935,3.077024151,0
3.721117158,3.240262497,0
4.050875688,2.82824766,0
3.502437424,2.977427187,0
3.782074074,3.009545306,0
4.062030817,3.320016978,0
3.937109669,2.993269297,0
3.79028728,3.163934462,0
3.782827207,3.071927607,0
4.056701449,2.815466433,0
4.290056694,3.339117446,0
3.953833496,3.093493788,0
4.198226739,2.893552927,0
3.821774063,3.457074616,0
4.236994933,2.798300895,0
3.664239803,3.143822633,0
4.005828928,2.715329977,0
4.303805068,3.141233425,0
4.075671021,2.478428744,0
3.986196735,2.938868825,0
3.811723684,2.751066697,0
4.472439317,2.775714809,0
4.19475143,3.512507633,0
4.076120435,3.113015976,0
3.964548401,3.33930702,0
4.644984311,2.884686,0
4.58393212,3.078316245,0
4.161542686,2.862847438,0
3.536672629,2.907254535,0
4.099495443,3.324242519,0
3.834824902,3.290020926,0
4.083352771,2.563062874,0
3.69785132,3.810961853,0
4.130847557,2.603572148,0
3.870350241,3.477498245,0
4.15209472,2.9470451,0
3.889524774,3.113606958,0
3.646826489,2.58246676,0
3.915037634,3.124053404,0
3.808176357,2.686487822,0
4.190118565,2.486263728,0
4.339171694,2.960927922,0
3.728286777,2.892872914,0
3.85471131,2.955408481,0
4.446559652,2.771134629,0
4.318908962,3.021991066,0
3.488606542,3.595381727,0
3.812613979,3.33162806,0
4.194741414,3.186115996,0
3.936279351,3.270339015,0
4.176353727,2.899963453,0
4.192971965,2.282349643,0
3.767956471,3.63630534,0
3.738913683,3.027887585,0
3.76618502,3.463216033,0
3.853686373,2.868635677,0
3.852927829,2.983204336,0
3.758163412,2.809937743,0
4.100660627,2.943978152,0
4.408307805,3.013559934,0
4.13850071,3.086003173,0
4.6868151,2.777449898,0
4.214898399,2.99561352,0
4.143170928,3.024118682,0
4.320300421,3.363144268,0
3.79631616,3.182901409,0
3.805816238,2.614167992,0
3.946744145,2.425235811,0
4.627160235,2.660179795,0
4.406542393,2.852861436,0
4.107187855,3.202994979,0
4.341797896,3.050758296,0
4.179509489,3.094493883,0
4.458248249,3.265133601,0
3.493020094,3.143011007,0
3.973152783,3.273334211,0
4.212250516,2.374705322,0
4.070513512,3.077776453,0
3.942366057,2.518337464,0
3.942154563,2.783951744,0
3.757933487,3.050814215,0
4.069360301,2.817180891,0
3.740553215,2.914802846,0
3.875375861,2.704623165,0
3.34722947,2.795621462,0
3.994288122,2.293788279,0
4.491226639,3.374467633,0
4.298822505,3.339225963,0
4.297042663,2.540577854,0
4.183818904,2.498349078,0
3.881826015,2.63014626,0
4.325429065,2.855629328,0
3.732619203,3.550518563,0
3.286434761,2.777044769,0
3.95084531,3.17934701,0
4.146899385,3.270963445,0
4.119909717,3.294670967,0
4.603885445,3.234488232,0
4.371139111,3.356384854,0
3.191971508,2.904322431,0
3.914958082,2.749928122,0
3.749277035,3.372247846,0
4.337079001,3.250273068,0
3.937813313,2.915763263,0
3.608453579,2.299071026,0
3.998172571,2.739983692,0
4.324334824,2.925799882,0
3.827376134,2.583078207,0
3.671606487,2.820890466,0
4.709653767,3.222674643,0
4.128537839,3.05373059,0
4.308423477,2.795546789,0
4.344949388,3.159392496,0
4.190360497,3.296117207,0
3.674041547,2.88730897,0
4.213582718,2.484552084,0
4.58623939,3.212448303,0
3.767603828,2.972273746,0
3.898480498,3.351961257,0
4.239473138,3.128559741,0
3.751830265,3.071990161,0
3.686228257,3.095507761,0
3.719915784,2.864153027,0
3.795876783,2.893918269,0
3.670716827,2.240981768,0
4.136823053,2.841225782,0
3.943325836,3.214994748,0
3.645918644,3.162188519,0
3.198955294,2.439353406,0
3.779960085,2.935992495,0
4.23935894,3.398051438,0
4.281290231,2.923441797,0
4.038265275,2.948683385,0
4.291180882,2.34659596,0
4.482730348,2.958346118,0
3.942317752,3.260569191,0
4.170737029,2.514401826,0
3.840403718,2.728337576,0
3.70560253,3.175256884,0
3.684100605,3.691982518,0
3.994391906,3.032939706,0
3.323486233,2.942588437,0
4.122325239,3.294486429,0
4.101704588,3.067970745,0
3.202076824,2.786258544,0
3.631124117,3.329930807,0
3.76232457,3.258838371,0
4.002232122,3.024235855,0
4.175328501,2.841698188,0
3.659056603,3.044419565,0
3.78462926,3.088589127,0
3.929737223,3.006067216,0
4.481243617,2.408085079,0
3.799124851,2.998156443,0
4.257458358,2.828728972,0
3.768371877,3.020716485,0
3.785757502,2.993688837,0
4.067591965,2.653807802,0
3.935540832,2.969909451,0
3.389217831,3.046057397,0
4.091922659,2.815473219,0
4.354713044,2.766668477,0
4.149621599,2.624574067,0
4.085975624,3.429936377,0
4.016000451,3.0317586,0
3.259775893,3.29616253,0
4.241052205,2.786725933,0
4.07481745,2.852751909,0
3.456560979,2.540499293,0
3.841165348,3.102598381,0
3.632364215,3.109970154,0
3.899896624,2.665793183,0
3.668064894,2.843451404,0
4.00069161,3.018887452,0
4.184711352,2.879793952,0
4.691118833,2.790225634,0
3.497078861,3.385336441,0
4.253031772,2.989520313,0
4.188636533,3.105135004,0
4.294573857,3.131267553,0
4.027068493,3.060105368,0
4.223337803,3.137566124,0
4.330885727,3.031846986,0
4.299749155,2.798411738,0
3.632485825,3.136641272,0
3.845222029,2.584693867,0
4.018629789,2.312855592,0
3.888682691,3.344090428,0
3.766775104,3.456088627,0
3.805396962,3.06471877,0
3.742442105,2.70968696,0
4.072476216,2.747431732,0
3.895166527,3.206397835,0
4.115051593,3.72673395,0
4.276360072,3.578216155,0
3.234151426,3.174571324,0
3.675873993,2.893657846,0
3.88864503,2.941808773,0
3.84641266,3.417602702,0
4.399738163,3.012427132,0
4.138214309,3.118692059,0
4.024662765,2.619388243,0
4.181094525,3.013824816,0
3.731517897,3.383152515,0
4.251522283,2.951414918,0
3.712092072,3.071401434,0
4.047908554,3.004392159,0
4.032905755,2.343929768,0
4.34926075,3.149541976,0
3.672663245,2.321159523,0
4.026642028,2.904259121,0
4.006041547,2.913534808,0
3.838646043,3.157940839,0
3.216870221,3.798851903,0
3.720123335,3.598213095,0
3.537650421,3.04897351,0
3.819981537,2.500722972,0
4.435647918,3.122531903,0
3.976403213,2.7283148,0
3.273159806,2.990964745,0
4.183142973,3.028756634,0
4.207218956,2.787002315,0
4.3322279,2.586395211,0
4.125302508,3.43621733,0
4.193481586,3.095491315,0
3.741819246,2.751217798,0
3.554702293,2.701105686,0
3.38873322,2.980263511,0
3.531984198,2.911812648,0
4.515650246,2.557244434,0
3.796294519,2.915365807,0
4.354745002,2.595518019,0
3.929689785,2.690929424,0
3.853403389,2.972735725,0
3.787114506,2.827761787,0
3.650574099,2.322119433,0
3.805018302,2.940914071,0
3.734631887,3.185474411,0
3.651206236,3.129878217,0
3.563041453,3.368787546,0
3.782754546,3.06803075,0
3.558542173,3.200615016,0
4.050911032,3.39632075,0
4.622408765,3.084594153,0
4.690845061,3.01527181,0
4.08414794,3.323414934,0
4.133007663,3.101931073,0
4.106081362,2.900837262,0
3.856233108,2.856044749,0
4.376212648,3.412367829,0
4.066429246,2.868191189,0
3.583911756,2.771977963,0
3.593345837,3.08594643,0
3.585386293,3.273092651,0
3.965375373,2.573963913,0
4.320015331,3.386023954,0
4.05360967,2.706333411,0
3.858144513,3.276183752,0
4.137578309,3.735628579,0
3.443164806,2.818999517,0
3.756420411,2.79704475,0
3.985206047,2.869122068,0
4.019413865,2.981346578,0
3.84589302,3.689376084,0
3.866682583,2.798246996,0
4.103966135,2.834032376,0
3.549785573,2.959047662,0
3.869516574,3.121334951,0
3.897410948,2.49854734,0
4.292318084,3.358355503,0
3.965724094,3.171450522,0
3.733309163,2.520569183,0
4.085236508,3.059422423,0
4.56852097,3.450453772,0
4.344261415,3.226725721,0
3.543548433,2.945017456,0
4.334158923,3.192998404,0
3.08020756,3.107830618,0
4.138492277,2.798469613,0
3.742180346,3.363772995,0
4.332273593,2.721730391,0
4.117743382,2.803460126,0
3.593226852,3.544116668,0
4.222443926,2.778067387,0
4.090031913,3.477228777,0
3.187053964,2.91093093,0
4.3509402,2.663453839,0
3.252320642,2.798017272,0
3.626469181,2.865652647,0
4.214562397,3.227492339,0
4.52441424,3.146179301,0
3.719802635,3.323345723,0
4.053492868,2.905742284,0
4.11773527,2.865388292,0
4.362487473,3.052477839,0
4.114255086,2.857949453,0
4.163119316,3.071306286,0
3.976421809,2.948188813,0
3.830938418,2.336779131,0
3.845837046,2.729947592,0
3.844602011,3.035995084,0
4.052086534,2.739946989,0
3.714316251,2.920691013,0
4.238857945,3.034116755,0
4.072920864,2.822741101,0
4.035109527,2.697379349,0
3.90512326,3.298835892,0
4.075864969,2.503602028,0
3.795986249,2.898548788,0
4.17674142,2.759579154,0
3.614775481,2.717031964,0
4.296519715,3.123030258,0
3.843774081,2.972563421,0
3.753298085,2.939288943,0
3.635699892,2.611291135,0
3.648131027,2.860121449,0
3.55798134,3.012940866,0
3.589018126,2.732289337,0
3.932418376,2.725495274,0
4.04542675,3.417544154,0
4.166166507,3.117562228,0
4.195491078,1.918475216,0
4.080171926,2.473200373,0
3.678278642,3.089561726,0
4.283105481,3.184427947,0
4.364008067,3.156810833,0
3.869026785,3.196124462,0
3.55149542,2.896209867,0
3.85063083,3.304135087,0
3.706356516,2.808823316,0
4.294004454,3.163450166,0
4.695358838,3.103729965,0
4.462455138,3.31579366,0
3.392344119,2.88870605,0
3.888258095,2.841121158,0
3.911650305,2.844903745,0
4.261418572,3.080090978,0
3.180271184,3.493528981,0
3.884180754,2.33832235,0
3.626935704,2.692733316,0
4.293790183,3.042037252,0
3.830317137,2.990899494,0
4.031056917,2.911313032,0
3.823410181,3.068313703,0
3.906726146,3.493202214,0
4.251920762,2.806533998,0
3.950742068,3.112831074,0
4.221319711,2.221251059,0
3.786050558,2.440534078,0
4.258906679,3.149750553,0
4.00960587,2.637852924,0
3.781299658,2.999291093,0
3.926611658,3.185818799,0
4.360988511,2.862459716,0
4.190010561,2.897066135,0
3.679818267,3.109888666,0
3.708327576,2.973112524,0
3.887886283,3.362965788,0
3.767057705,2.962525523,0
3.53208344,3.490372227,0
4.04273573,2.911606838,0
4.042318253,3.209477708,0
3.497449181,2.627339959,0
4.307703887,2.813814387,0
3.790568317,3.457037998,0
3.954398082,2.926592397,0
3.783456726,3.124072326,0
4.083357052,2.395065481,0
4.226385882,2.873023158,0
4.148215311,3.107971193,0
4.511167507,3.06458461,0
3.933755707,3.142293204,0
3.698279286,3.079582833,0
4.32716148,3.074162051,0
4.435410695,3.155528947,0
3.662120874,2.564340451,0
4.060927374,3.499751447,0
4.404785986,3.091540733,0
4.396295515,2.746329414,0
4.060973702,3.275028353,0
3.84988706,3.228441601,0
4.058816292,2.841778649,0
3.272251799,2.837093744,0
4.298930936,3.057144146,0
4.127576537,2.274978208,0
4.055386971,2.896854139,0
3.558714121,2.766429476,0
3.758414053,2.898960415,0
4.184092085,2.718254308,0
3.560862336,2.381180458,0
4.247735471,2.769116546,0
4.072225314,3.107691281,0
3.536366475,3.298759892,0
4.480435383,3.252230623,0
4.316705201,3.310899624,0
3.498160314,2.824340636,0
4.187027119,3.517068691,0
4.470962839,2.543128614,0
4.216194194,2.713853379,0
3.742536882,2.960068608,0
4.086739126,3.277308997,0
4.073621412,3.182100098,0
4.200094927,2.160568021,0
4.504555306,3.067366395,0
3.940131781,3.406027345,0
4.443734957,2.763701187,0
4.103565531,3.138284439,0
3.889964179,2.947976621,0
4.421704241,3.39813355,0
3.822548578,2.666660695,0
3.320961579,3.098289709,0
4.590144185,3.015343798,0
4.540520994,2.504009605,0
3.956933609,2.96763043,0
3.627772532,2.8842239,0
3.825209295,3.382109473,0
4.308701015,2.758585452,0
3.30315968,3.255148837,0
4.594323679,3.04867029,0
3.447480606,3.50563864,0
4.401930824,3.291518845,0
3.349858218,3.462015766,0
4.160978456,3.383616715,0
3.678533236,2.444680052,0
4.49072196,2.636591325,0
3.884179738,3.295325366,0
3.501324514,2.758885945,0
3.751790074,3.257749836,0
4.061183732,2.53898522,0
3.866642503,2.735087682,0
4.226259936,2.922300138,0
4.07522441,3.351741928,0
4.253055425,3.045520934,0
3.582093337,3.356575857,0
4.068153378,3.250133743,0
3.811969034,3.236915743,0
3.872363808,3.017723801,0
3.832746312,3.070664947,0
4.236780904,3.169121553,0
3.572441036,3.281948971,0
3.986406568,2.450967885,0
3.726619299,2.822655296,0
4.079259995,2.608371203,0
4.16173854,3.646144139,0
3.689607582,2.832382195,0
4.64126093,2.846236963,0
3.749208693,3.404952344,0
4.221661562,3.022230907,0
3.708748344,3.008243652,0
3.342516875,2.81746816,0
3.759512235,3.448466139,0
3.610779665,3.509474477,0
4.031932078,3.011966323,0
4.433565356,2.931030096,0
3.967209285,3.613652284,0
4.31553194,3.516112918,0
3.865573576,2.780640489,0
4.369004055,3.586408128,0
4.201657632,3.418920543,0
3.609816505,3.556694387,0
3.601472603,2.852710774,0
4.977676738,2.912663174,0
4.111860077,3.15840922,0
3.936262792,3.674674277,0
3.952126842,3.086501808,0
3.806771865,3.134775312,0
4.159761182,2.840399512,0
4.101378459,3.116507348,0
3.973133674,3.076946192,0
4.271712807,2.907046622,0
3.660024302,3.238147389,0
4.168348003,3.681473264,0
4.018685934,2.490358598,0
3.618028804,2.852247122,0
4.378970602,2.993882398,0
3.570602491,2.92421085,0
4.124470184,2.655289175,0
3.381706361,3.045957376,0
3.960750801,3.359735669,0
4.821289178,2.660400448,0
4.020919709,2.463528087,0
4.034282235,3.526777631,0
3.786330386,3.101327668,0
4.107274791,3.16075997,0
4.130124999,2.927550057,0
3.692089832,3.44544239,0
3.644665764,3.017244303,0
4.13173304,3.304187253,0
4.133976619,3.165930951,0
3.971752981,2.990474065,0
3.746683754,3.129726223,0
4.218276547,2.893656855,0
4.139091751,2.996708311,0
3.77832316,3.061711898,0
3.894622755,3.017683478,0
4.264022309,2.949607619,0
3.482064427,2.697443395,0
4.111266524,2.779028632,0
4.004199986,3.007104219,0
3.722586997,2.682284603,0
3.66162441,3.159974602,0
3.395214873,2.7340272,0
3.863402463,3.406529246,0
3.677415693,3.297123814,0
3.743944909,2.927787131,0
3.443340799,2.628315625,0
3.911050877,3.041312783,0
4.587557906,2.634268893,0
4.5009221,2.915063188,0
4.240334613,2.965470863,0
4.551151389,2.539856624,0
3.725890853,3.223984267,0
4.056455594,3.576409595,0
4.062144861,2.424018241,0
3.73014109,3.552999376,0
3.303841296,2.922102686,0
4.096514095,2.75455739,0
3.909806078,3.01932116,0
3.737417265,3.054244064,0
4.159292125,2.892027967,0
4.163557353,2.551196297,0
3.871664918,2.817681554,0
4.114389964,3.213897252,0
4.019567492,2.928051119,0
3.824164295,2.728625538,0
3.483886273,2.840788387,0
4.2300819,2.833164908,0
3.711260229,2.767204127,0
4.554212817,2.876645313,0
3.32441788,3.263795634,0
4.144222871,3.042837344,0
4.187675911,3.162472622,0
4.384285857,2.885483844,0
4.487283864,3.291119639,0
3.772967034,2.302368031,0
4.268167673,2.88035599,0
3.799484672,3.59629642,0
3.98607755,3.128321218,0
3.410425266,3.283551503,0
4.290000144,2.918946537,0
3.690899169,3.024854858,0
4.369302616,2.722258156,0
4.793917953,3.217814315,0
3.823343369,2.673850336,0
3.715591443,2.554300835,0
4.262209928,2.904235345,0
4.103317722,2.687678182,0
4.401042375,3.052510466,0
4.143425134,3.007841927,0
4.386889027,2.57733785,0
4.236085356,3.498067907,0
4.029657051,2.79591252,0
4.446412203,2.965384045,0
4.111622852,2.672880546,0
4.175138096,2.99093308,0
4.24643407,3.386140767,0
3.642420269,2.950062308,0
4.076377843,2.544902921,0
4.416997834,3.183958938,0
4.033387215,3.16992069,0
4.428299851,3.176982308,0
3.914547661,2.997712173,0
4.333473922,3.083380559,0
4.007417846,3.397075245,0
3.755710272,3.566893688,0
3.858607971,3.329767613,0
3.989627012,3.223189119,0
4.411304711,2.986918529,0
4.176804451,2.640702609,0
4.364469939,3.707160384,0
4.266074714,3.029833102,0
4.105897342,3.051891229,0
4.17755507,3.235764627,0
3.349931894,3.108835914,0
4.361494986,3.378891373,0
4.261167242,2.846323607,0
3.627695978,3.155401141,0
3.672929025,2.929665052,0
3.730939735,2.745580432,0
4.79808678,2.856357298,0
4.247165399,2.758446786,0
4.065089079,3.221098819,0
3.669510733,3.074324801,0
4.199457237,2.671809864,0
4.006311202,2.894278788,0
4.05082444,3.485265742,0
3.484882272,3.087483865,0
3.731552281,3.07642042,0
3.92794608,3.125213116,0
4.220702721,3.256049763,0
4.779925239,2.934598814,0
3.546413151,2.952254304,0
3.79394476,3.042854542,0
3.59244318,2.705638555,0
3.500509312,2.733328653,0
4.165937041,3.210799269,0
4.655607369,2.900373474,0
4.026755067,3.382378671,0
4.13431804,3.563997884,0
3.66971481,2.717703099,0
3.723075665,2.908905332,0
4.083606016,2.858949312,0
4.375210631,2.953181203,0
3.631766175,3.172854564,0
4.136831951,3.534047725,0
3.633450002,3.381585082,0
4.226395004,3.165504876,0
3.155759022,3.545133966,0
3.880123282,2.996527986,0
3.689361812,3.12845128,0
4.255540912,2.514873166,0
4.677838368,2.721712186,0
3.635418789,2.704675082,0
4.312846957,3.042535757,0
4.095383529,3.563143536,0
4.605832012,2.509404129,0
3.323502813,3.086431063,0
3.915495843,2.786228177,0
3.300460269,2.260594738,0
4.221227276,3.185868942,0
3.885147168,3.197246644,0
4.436405354,2.971230786,0
3.629307066,2.493125739,0
3.65599562,2.884827226,0
3.918373284,2.824879428,0
3.939540949,3.032581338,0
4.118571679,3.562124278,0
4.053366852,3.195589537,0
4.05615954,2.941630782,0
3.805841012,3.030641935,0
4.090077484,3.648980413,0
3.966582826,2.715176792,0
3.349875652,2.583420063,0
4.434922293,3.003926185,0
3.991382614,3.049502084,0
4.042051985,3.372283293,0
4.011171456,3.310560791,0
3.882369265,3.136268019,0
3.929940533,3.765278002,0
4.003605678,3.076702944,0
3.972716562,2.919657337,0
4.10125588,3.01014121,0
3.956338235,2.692548768,0
3.879927447,4.14820974,0
4.03362751,3.307887764,0
4.08081218,3.783500993,0
4.068588581,2.905051776,0
4.207456571,3.021797846,0
3.815827845,2.853802713,0
3.857913078,2.681029736,0
4.341781847,2.975849843,0
3.857638796,2.964995166,0
3.540985492,3.010532332,0
3.524544667,3.242906727,0
4.639889947,2.946281293,0
4.196751476,2.214993117,0
4.397351056,3.456621343,0
3.743509202,2.948854231,0
4.135475894,3.319124848,0
3.325844385,3.197987304,0
4.080309123,3.293584483,0
3.774369,3.086407753,0
3.966849583,3.477443487,0
3.537867137,2.926957482,0
4.451268798,3.144614936,0
3.686820153,2.668943937,0
3.277368648,3.369483133,0
3.762571007,3.226831758,0
3.806514677,3.183083094,0
3.670702082,3.069459391,0
3.353973868,2.595460494,0
3.78270282,2.509116131,0
3.903849104,2.795656272,0
4.117292744,3.288053651,0
4.236609981,2.895095078,0
3.201073566,2.95177133,0
4.481384559,3.118242068,0
3.836759223,2.868581006,0
4.075692614,2.776424043,0
3.15203195,2.789949492,0
3.82209505,3.062186532,0
4.779920403,2.623767899,0
3.834860918,2.8106063,0
4.011123482,2.943493556,0
3.673378242,3.112201864,0
4.030649101,3.291866787,0
4.393424155,2.598527451,0
4.254915406,2.882187101,0
4.101519399,3.208406964,0
4.384624171,3.065262547,0
3.941991658,2.810847038,0
3.902712971,2.90854313,0
3.971053536,2.902136935,0
3.838174511,2.734531394,0
4.576635572,1.808088108,0
3.847053226,2.712683766,0
3.299032441,2.830045814,0
3.834592037,2.395241383,0
4.562602951,3.114840487,0
4.212681856,2.654150162,0
4.106360527,2.964142845,0
3.738911012,3.001035095,0
3.929139044,2.816169881,0
3.616874362,3.192466834,0
4.138137054,2.832666819,0
4.229586696,3.10746928,0
3.349356824,3.186418266,0
3.685744067,3.507793794,0
3.928782921,3.228676801,0
3.98915707,2.76623707,0
4.309081848,3.242779387,0
3.914996864,2.625902016,0
3.736291483,3.480913006,0
3.853459649,2.92458982,0
3.602728008,2.116693053,0
3.969483275,2.428595659,0
3.804376221,3.071304135,0
4.04970256,3.251494696,0
4.767992252,3.561741622,0
3.783040056,3.218743404,0
4.271702128,2.932954907,0
4.213368923,2.985971011,0
3.750180914,3.487079788,0
3.839319842,2.848772098,0
4.316422943,3.352784183,0
3.913478776,2.46172958,0
3.54713635,3.440323029,0
3.855067372,2.679122882,0
4.052736609,2.476746729,0
4.255726855,3.325521034,0
4.176465489,3.035243577,0
3.861941105,3.03328924,0
4.260449558,3.09339535,0
3.186666186,2.487396867,0
4.173647188,3.056744819,0
4.223404617,2.927304187,0
4.281774654,3.14169366,0
4.175747941,3.069847145,0
4.433117562,3.236684076,0
3.884139161,2.893691043,0
4.248811252,3.042595834,0
3.816141905,2.919113148,0
4.253303145,2.456299688,0
4.186528872,3.182067146,0
3.74296322,3.051090748,0
3.346413683,3.353928759,0
3.776342031,2.856933482,0
3.918017147,2.795171764,0
3.767056658,2.941738545,0
4.155721474,3.387622773,0
4.181690679,2.501590335,0
3.632126845,2.897655181,0
4.202268787,3.141154669,0
4.235094216,2.906282678,0
4.120900549,3.403355617,0
3.793855096,2.729751695,0
4.108205463,2.950921092,0
4.404047847,2.907341632,0
3.559553497,2.645902432,0
3.679092681,2.72976782,0
4.293377589,2.726519181,0
4.132047809,3.126988171,0
4.115784229,2.971551975,0
4.030045991,2.977889352,0
3.763898234,2.599158053,0
4.3416754,3.68019106,0
3.9546431,3.253572067,0
4.152056128,2.916268114,0
3.267169716,2.379939126,0
3.711856607,3.285544138,0
4.321954443,2.725268548,0
3.882082966,3.082410539,0
3.640428529,3.339864789,0
3.998953516,2.914706822,0
4.090196601,3.412711112,0
4.580283545,2.772605301,0
3.66139249,3.113652709,0
3.785365481,3.148680991,0
3.288784394,2.886608964,0
4.084725989,2.955269628,0
3.984052192,2.794290672,0
3.483302324,3.055248218,0
4.418631537,2.693836066,0
4.197310545,2.471138044,0
3.766985249,2.639169422,0
3.298318317,3.346973212,0
4.454897352,3.028965443,0
4.31630752,2.811936393,0
4.009591132,2.847961095,0
4.004295076,2.394783167,0
4.291748912,3.080616376,0
3.898951675,3.027376323,0
3.924765715,3.347799029,0
4.126392776,3.141926759,0
3.471396774,2.825032452,0
4.185559905,2.904078943,0
3.574646877,3.155870567,0
4.104795511,3.165745902,0
4.326206149,3.091125983,0
3.404924402,3.18549509,0
3.866839432,3.572119082,0
3.708445999,2.964856351,0
4.310297308,3.29218343,0
3.521384939,3.231794236,0
3.597951487,2.636229539,0
4.148102239,2.731857218,0
3.472700086,3.027333853,0
3.85078511,2.246490604,0
3.924932587,3.018536752,0
4.390314898,2.480642896,0
3.934022265,3.546012129,0
4.027653332,3.549680605,0
3.811451833,2.941899393,0
4.002509578,3.25902937,0
3.667258792,3.261923092,0
3.732100094,2.842899318,0
3.41990582,3.243650372,0
3.832014648,2.67808762,0
3.822919962,3.211978257,0
3.787408337,3.666747559,0
4.384936645,3.158165296,0
3.952319342,2.624526163,0
3.594146464,3.419455953,0
3.60263002,3.14895081,0
3.65318539,2.77743948,0
4.183824262,3.880593341,0
3.458496998,3.274550816,0
4.197457928,3.122888373,0
4.499396976,2.935386497,0
3.675280115,3.005509434,0
4.515194373,3.049416329,0
4.482252753,2.679179913,0
4.127398111,3.784355167,0
4.341581775,3.562886642,0
4.140091068,3.193220429,0
3.876785441,3.246254943,0
4.638534653,2.525166073,0
3.634192483,3.064797282,0
4.241583427,3.136075738,0
3.898424606,2.940961346,0
4.123053568,3.154651445,0
4.059403953,2.625924345,0
4.021078473,2.937160474,0
4.317057427,3.106232304,0
4.273150907,2.51350907,0
3.986443696,2.836404288,0
4.07864624,3.073959759,0
4.029846867,3.230250016,0
4.28979048,3.116516837,0
3.976079589,3.881011593,0
4.550978212,3.524721752,0
3.738705885,3.28955183,0
3.853569172,3.084757293,0
4.114641514,3.194341113,0
4.223765797,3.391621251,0
3.094118142,3.155212003,0
4.136166989,3.243212306,0
4.209673073,2.862298961,0
3.878491251,2.982355263,0
4.428764023,3.127963467,0
4.034307895,3.187099169,0
4.375744533,2.94788222,0
3.846582368,3.053324068,0
3.349525301,2.738433127,0
4.037558036,2.932467825,0
4.201681369,2.649553697,0
3.753770044,2.728052272,0
4.62700759,2.266946036,0
4.218669582,3.327240287,0
3.951329112,2.985318999,0
3.529488594,3.1877151,0
4.063505339,2.481352659,0
4.269365966,2.812393983,0
3.980152247,2.929479301,0
4.674358758,3.097778695,0
4.114137263,3.617848797,0
3.902438749,3.412408335,0
4.075938497,2.631782414,0
3.882098994,3.006502217,0
4.375635857,2.531191883,0
3.842534108,2.796540485,0
4.058965519,2.85230474,0
3.987836047,3.392601021,0
3.770355199,2.879862758,0
3.418750557,2.910902088,0
4.095730315,2.912449485,0
3.853727052,2.510401365,0
3.973606493,3.089099707,0
4.348110179,2.701817157,0
3.968589529,2.73981149,0
3.766036177,2.903765598,0
4.313070538,2.882082228,0
4.323521071,3.499933422,0
3.65475984,2.717789411,0
4.129637715,3.159419834,0
4.464652712,2.181797054,0
3.877906022,3.652739759,0
3.949656909,3.147982221,0
3.618149779,3.462111147,0
3.762137598,3.259325038,0
3.201836382,2.866314877,0
3.743005652,3.24705452,0
3.911765441,2.803711382,0
4.124929845,3.002294765,0
3.200371258,3.121019538,0
3.753782656,3.137993061,0
4.251255157,3.155383526,0
4.46881697,3.029991696,0
4.38237708,2.969954712,0
4.139600711,3.08638241,0
4.403229634,3.054167113,0
3.452368097,2.379435348,0
3.858884788,3.007466702,0
3.582769666,3.148987868,0
4.221651328,2.542771504,0
3.105847763,3.247664614,0
4.446339894,2.804663436,0
4.045670362,3.206367279,0
4.184234144,3.445558825,0
4.01192829,2.706144857,0
3.50754223,3.426984383,0
3.75544145,3.644981231,0
4.506694744,3.352073321,0
4.106960319,3.072055532,0
4.030613364,3.10176926,0
3.826280849,3.314844559,0
3.757860197,3.027802121,0
4.041353831,2.749808097,0
3.997413603,2.277435409,0
3.82005153,3.035753262,0
4.387398438,2.247048511,0
3.778865924,3.354019726,0
4.324998035,3.213995841,0
3.80867883,3.094244315,0
4.069434565,3.351067045,0
4.227675724,3.37375826,0
3.572031073,2.856540513,0
3.651981301,3.234284559,0
3.947734548,2.606416728,0
4.247667377,3.123457823,0
4.088117286,2.690524524,0
4.687231002,2.830397939,0
4.233357068,2.889271702,0
4.051572302,3.393367974,0
3.693878805,2.793964544,0
3.720058186,3.463559457,0
4.107755682,2.344489484,0
4.063269868,2.685466393,0
3.797268221,3.100557379,0
4.058616756,3.006639009,0
4.546438262,2.540813427,0
4.220607251,3.005892492,0
3.801786816,2.761486477,0
3.906309907,3.303363187,0
4.288302952,2.519373261,0
3.773510652,2.951505879,0
4.067496774,3.298217135,0
3.960415877,2.9701542,0
4.234736002,2.862733284,0
4.083687586,3.107792136,0
4.046745116,2.975035596,0
4.248476721,2.748810473,0
4.424151002,3.608932314,0
4.53166625,3.120710431,0
4.087863153,3.334653313,0
3.485424554,2.714885251,0
3.754678503,3.09738695,0
3.872126521,2.712939885,0
4.097577883,3.084011832,0
3.717961422,3.381052256,0
3.725151429,3.179257455,0
3.822110057,3.315291525,0
4.022592136,2.773057948,0
4.187766186,3.327437183,0
4.074885328,2.929859821,0
4.363124758,3.548228502,0
4.313908086,2.938531535,0
3.493291899,3.153548824,0
4.092052751,2.975461425,0
4.372303135,2.943989668,0
4.257716871,3.082749787,0
4.311957655,3.225015598,0
4.175905507,2.752574819,0
3.01663401,2.652792091,0
4.014408933,3.214503662,0
4.258812755,3.347830156,0
3.777619144,3.376475973,0
3.988987163,2.475330063,0
3.206706713,3.854305778,1
3.16384332,3.788422932,1
3.06727654,3.585302892,1
3.200553321,4.522343095,1
2.630826963,3.373326692,1
2.587251185,4.350423097,1
2.520916816,4.220150574,1
2.850883729,4.599422824,1
3.449592104,3.518750947,1
3.486936523,3.673822418,1
2.862402716,4.303500052,1
2.570306876,3.450998534,1
2.225113372,3.589367173,1
3.397765622,3.984610489,1
1.740877775,4.280084961,1
2.917205213,3.837449263,1
3.109777277,4.126605979,1
2.192969881,4.359351384,1
3.230689017,3.94493089,1
3.564433399,4.15787037,1
2.913975443,3.401455939,1
3.785239873,4.784503183,1
2.24324484,3.014844836,1
3.108525562,4.465374263,1
3.015231395,4.209264933,1
2.81131821,2.824188713,1
2.237910313,4.37048644,1
3.159783946,4.043840832,1
2.880170502,4.967682529,1
2.411775535,3.18581687,1
2.182265209,3.877271318,1
3.351446607,4.275511943,1
3.206977118,3.385958781,1
4.113301118,3.721309689,1
3.225599147,3.896525842,1
2.802357529,3.225833456,1
2.544832006,4.419447003,1
3.381891723,3.620394664,1
2.948513462,4.498357112,1
2.368274827,4.262522703,1
2.449403333,4.914494129,1
2.864515771,4.299902785,1
3.17297011,4.86261839,1
3.249108179,3.946550573,1
3.530132032,3.407859195,1
2.707002794,4.213069025,1
2.776763082,4.247628023,1
2.847759873,2.825385779,1
3.125976024,4.2020168,1
2.89173058,4.48478871,1
2.101888404,3.6887747,1
3.741882355,4.13865476,1
3.042198018,3.866581245,1
3.677653336,3.168817802,1
3.047457826,4.207248185,1
2.577988879,3.920559746,1
2.811564927,4.179783707,1
2.376013333,3.940006814,1
3.482694751,4.548160241,1
3.090762871,4.071804001,1
3.793661175,3.67173356,1
3.127407004,4.626911974,1
2.684018319,3.877513671,1
3.954569206,4.051632787,1
3.538491924,4.042046112,1
2.826706323,2.935543984,1
2.379844351,3.875469582,1
2.556713307,3.474895647,1
2.347405431,3.609155251,1
2.533850787,3.617365352,1
2.604396612,4.45534015,1
2.612642127,4.018448578,1
3.144091265,4.443660582,1
3.273904702,3.962955838,1
2.845229935,4.228341004,1
3.241458489,3.452935223,1
3.373547003,3.526958011,1
3.051855472,4.312834874,1
3.607089683,3.124074096,1
3.542156982,3.648977566,1
2.775022407,3.602533381,1
2.871320117,3.650307646,1
2.396880607,4.456763086,1
3.046869892,3.714681804,1
3.317772729,4.480188884,1
2.947897024,4.699866668,1
4.357314857,3.372260351,1
3.56911027,4.190877516,1
3.390701903,3.482146124,1
2.962551083,3.470391717,1
3.601887237,3.889249796,1
3.370077161,3.33227561,1
2.813887968,3.16104033,1
3.102649787,3.892598732,1
2.915466876,4.342606302,1
2.820521515,3.8813058,1
3.074922843,3.956739029,1
2.630071814,4.063249053,1
2.104383737,4.404762809,1
2.759463699,3.244431928,1
3.09791331,4.075652504,1
2.665875535,4.405416511,1
3.584920092,3.733712536,1
2.441672004,4.356095158,1
3.085466034,3.362330144,1
3.239505684,4.532240596,1
3.092752867,3.312005909,1
2.746410236,3.797858102,1
2.305549242,4.197718792,1
2.449248986,4.200236247,1
3.552361402,3.678985757,1
3.239065898,4.305689805,1
2.844199138,4.743908352,1
3.283381876,3.165326305,1
2.830204972,3.926745762,1
2.521172455,3.92126468,1
3.098430998,4.507131345,1
2.923814249,4.268727996,1
3.061341372,4.014268825,1
3.059027344,4.334071502,1
2.005328048,4.653139542,1
2.88346497,4.53905583,1
3.071690764,3.919839249,1
2.456780288,4.166405823,1
2.655613318,4.275646969,1
3.263491388,3.328787856,1
3.185490003,3.72399394,1
2.490501506,4.172012023,1
3.236420066,4.26064112,1
2.903066056,3.630045551,1
2.562648785,3.856823399,1
2.863824342,4.349657641,1
3.004709497,2.714419016,1
2.405494867,4.455577329,1
3.146853178,4.26593304,1
3.585616606,3.53968576,1
2.533469821,4.1148599,1
2.590504926,4.363874194,1
3.945046681,3.376892557,1
3.141588867,4.092860263,1
1.802357041,4.177325313,1
3.160807892,2.986284841,1
2.653301221,3.472949702,1
2.969929731,3.760248637,1
2.755391813,3.92413067,1
2.872325186,4.213674397,1
3.404458689,3.673774997,1
2.90793309,4.50320522,1
2.579525925,2.778658108,1
3.333616515,4.203143319,1
2.706724855,4.662217657,1
3.03739897,3.472067967,1
2.592754473,4.105046758,1
2.83271064,3.958436479,1
3.076567065,3.903246473,1
2.854010991,3.853611054,1
3.966564931,3.800035475,1
3.355945887,3.485989204,1
3.5673,3.853693799,1
2.562202448,3.463851489,1
3.756646564,3.969387938,1
3.141355309,4.274296584,1
2.945057381,3.399434408,1
2.301181586,3.57375341,1
3.239400199,3.008764569,1
2.919575127,4.242122373,1
2.642378338,3.913681321,1
2.433604846,4.47274773,1
2.667258403,4.561248166,1
2.728618756,3.748576345,1
2.961541452,4.282254637,1
2.78826091,4.102368379,1
2.855773499,3.546276534,1
2.517525826,4.25713704,1
2.956593149,3.397413734,1
3.213742637,4.109780689,1
2.353925509,4.858411687,1
2.882833891,3.587265828,1
2.783869939,3.547933239,1
3.121109509,4.084417215,1
3.057325471,3.955854352,1
3.403507927,4.171149247,1
3.521326417,3.765155415,1
2.20366504,3.640220847,1
3.796649676,4.169794207,1
2.318991221,3.691821462,1
3.030865201,3.696773793,1
3.338633601,3.713513672,1
3.429851248,3.822268249,1
2.785483156,4.252991879,1
2.545974662,4.402435858,1
3.00030035,3.880082014,1
2.459780566,4.019550116,1
2.772570975,3.846503191,1
3.369995584,3.986172428,1
2.941874719,4.157745511,1
2.588789071,3.916094279,1
2.58221328,3.567458776,1
3.574270099,3.363970658,1
2.770738991,4.123856154,1
3.597277175,4.137925171,1
2.616919931,2.866841605,1
3.539213271,3.502780368,1
3.185841112,3.72548571,1
3.137249432,3.80961124,1
3.201849943,4.163390658,1
2.984173372,4.035985503,1
2.820165227,3.93980878,1
3.919974374,4.110802552,1
2.355300644,3.520302891,1
2.643317285,4.810207195,1
3.540878555,2.908793267,1
3.321512368,4.075707153,1
3.129379745,4.586605053,1
3.429287205,4.147167209,1
3.593401297,4.355190002,1
2.481914389,5.550309102,1
3.225328889,3.790477161,1
2.632741756,3.439459212,1
2.747639301,4.738433689,1
2.535223515,3.520680593,1
3.372551538,4.056526611,1
1.766710913,3.926007096,1
2.912801587,3.599940451,1
2.835221332,3.735884975,1
3.549223175,4.25117125,1
2.55702394,3.226637207,1
2.823553884,5.212845902,1
2.985100103,3.526282582,1
3.27991103,4.819817658,1
3.06791277,4.633336681,1
3.821630489,4.411932538,1
3.041562669,3.980731561,1
2.870872645,3.471630437,1
2.357424069,3.914555271,1
2.935526092,4.006587644,1
3.62468104,3.980938008,1
2.317021439,3.532993415,1
2.757571015,4.143676289,1
2.130183801,4.094527097,1
2.501091732,4.363579212,1
2.676102908,5.57719963,1
3.198980162,3.586841573,1
3.021041479,4.369938284,1
4.235524102,3.547971499,1
3.269315566,3.765349062,1
3.075123807,4.482393709,1
2.862031138,4.418868486,1
2.831197913,3.891907934,1
3.33697336,3.101606007,1
2.991019851,4.504987112,1
2.719430506,3.627800853,1
3.039842956,3.342512188,1
3.373067694,3.416186712,1
2.658110906,3.304555194,1
2.484344393,4.359586191,1
2.646315102,4.381318534,1
3.051521487,4.68682262,1
3.11209607,3.413215821,1
3.508635621,4.343893702,1
2.096279998,4.100883521,1
2.45651824,4.369106925,1
2.371325638,3.720218281,1
2.697281241,4.52649714,1
3.247755039,3.997453779,1
2.966186408,4.865409177,1
3.083118662,4.012167208,1
2.486306405,4.195774093,1
2.859319112,4.328745367,1
3.029815154,3.628078088,1
3.142458905,3.830585685,1
3.046432624,4.140164235,1
2.426864117,4.00428483,1
3.044037242,3.462996092,1
2.908974512,4.031106619,1
2.511639189,4.134726618,1
3.822195962,4.666432356,1
3.086145698,3.757686532,1
3.266242365,4.179480008,1
2.183722867,3.555981575,1
3.079003642,4.540719702,1
3.424036232,4.53212951,1
2.634556803,3.6922644,1
3.032596612,4.256281682,1
2.335768209,3.922519245,1
2.163400044,3.406519329,1
3.03844754,3.200536526,1
2.342419263,3.811708661,1
2.955682929,3.898424242,1
3.1071719,4.059276734,1
2.74153663,4.181305442,1
2.940162229,4.374336017,1
2.747769785,3.678000594,1
3.981719483,3.142673017,1
3.124821615,4.760700191,1
3.267448859,4.472791089,1
3.387477713,3.792710799,1
2.831224487,3.737650459,1
3.14714072,3.939053358,1
2.573719392,3.646370319,1
2.383984085,4.715728891,1
2.906878573,4.399194234,1
3.175474339,4.255098618,1
3.206717665,3.120122656,1
3.183118518,4.495802811,1
1.785458581,3.726436568,1
2.610203161,4.179247451,1
3.031835346,3.836406746,1
2.747907756,4.050114679,1
2.651455906,4.273913896,1
1.735344918,4.164534356,1
3.85484178,3.7232589,1
3.00237347,4.55902594,1
3.185266165,4.203000104,1
3.935854915,4.659805659,1
2.362413145,3.938921477,1
3.191075169,5.049019018,1
3.680120078,4.05525821,1
3.159751568,4.585767036,1
3.170317713,3.430154807,1
3.345913237,3.72735752,1
2.429339609,4.380146983,1
2.363330303,4.283992442,1
2.800188444,3.936462387,1
2.948642884,3.324049636,1
2.944908956,3.304918265,1
2.603624862,3.448584006,1
2.797096075,4.52345359,1
1.714738412,3.260172223,1
3.394912145,4.305855446,1
2.3341286,4.200798213,1
2.483212593,5.041434525,1
3.553337458,3.695516897,1
3.328741625,4.25808328,1
3.07101482,3.104973102,1
2.894498382,4.278164016,1
3.288986125,4.042588416,1
3.723639258,3.947872487,1
2.637939938,4.392167502,1
3.389889011,3.718876699,1
3.478229833,4.936027235,1
1.983183334,3.454422476,1
3.422883538,4.0507063,1
2.558861337,3.512341387,1
2.931397385,3.858916781,1
3.048134272,4.081589054,1
2.882332329,3.850493355,1
2.337318694,3.404647663,1
2.287484792,3.945055159,1
3.527707908,4.636087627,1
2.391124075,4.289381741,1
3.676953893,4.56309481,1
2.823569504,3.889772386,1
2.905166797,3.882040153,1
3.228094786,3.72438641,1
3.815629041,4.078318795,1
2.692462703,3.820117977,1
2.567942557,3.877300936,1
2.666161957,4.0907424,1
3.228887707,3.745277535,1
3.06913029,3.764984388,1
3.265813997,4.367487549,1
3.245811854,3.954514189,1
2.434197351,3.378689053,1
2.992530503,3.728423266,1
3.000031452,3.805791373,1
2.943680003,5.083433606,1
3.765363279,3.16545254,1
2.470361273,3.789173043,1
2.641828019,4.080878968,1
2.707719334,3.596045114,1
3.519700686,3.132245806,1
2.436001137,4.898292941,1
2.596424094,3.819784062,1
3.501958906,3.924828855,1
3.044556848,3.752016118,1
3.018745375,3.742071606,1
2.556249041,4.130991936,1
2.846207368,4.650659171,1
2.64001198,4.071465887,1
2.942594154,3.190487016,1
2.625933135,3.850115186,1
2.893622637,5.40389345,1
2.780392335,4.114453083,1
3.100363101,4.656885491,1
3.250186524,4.117825247,1
3.622290015,3.938734806,1
2.459548354,3.753637762,1
3.034531363,3.375181733,1
3.151685962,4.18650416,1
3.260827331,4.509684345,1
3.546157087,3.772654393,1
2.422239031,3.704216476,1
2.835923004,3.990400293,1
3.089909494,4.096483756,1
2.946102578,4.389044949,1
1.984189303,3.003304872,1
2.930234249,3.947600942,1
3.021833614,3.803339715,1
2.530260303,4.151521745,1
2.533159034,4.629946072,1
3.157523717,3.659928468,1
3.503512766,4.899192615,1
3.412273106,3.567516771,1
3.647292316,4.085053875,1
2.713379194,3.919997272,1
2.592069939,3.264480522,1
1.835897583,3.878897389,1
3.229999315,4.048731901,1
3.334720048,4.11679493,1
2.980666788,3.86699674,1
3.057877078,4.320944575,1
2.838023087,5.224296707,1
3.183715585,2.824736828,1
3.631830369,3.890341095,1
2.914717807,3.506922897,1
3.26128698,3.367902784,1
2.482468852,4.437362038,1
3.290561218,4.057624837,1
2.928497279,3.28546515,1
2.797875072,4.454420447,1
2.876094023,4.739266401,1
2.722717855,4.414914368,1
3.094463458,4.235422885,1
3.179472604,3.199184633,1
2.822200467,3.573905258,1
3.016206502,3.679324904,1
3.008916346,3.866351427,1
2.930389466,4.320599293,1
2.948875413,4.071088924,1
2.64918194,3.558039425,1
3.165604963,4.175475137,1
3.205967448,4.559095369,1
3.334824269,4.808218561,1
3.710499821,3.28081007,1
3.215107406,3.504111989,1
2.929658395,4.37597176,1
3.385972379,4.225185577,1
3.793612621,4.063003171,1
3.290711138,3.425578358,1
2.447758773,4.227810977,1
2.644609031,4.262006233,1
3.15566227,4.567625216,1
3.900859226,3.774317513,1
2.732520098,3.464533374,1
2.859788245,3.360676467,1
3.226731674,4.410712664,1
3.969946564,4.250381841,1
3.215986149,3.883379902,1
3.010959911,5.134051046,1
2.443214806,3.85099528,1
2.36947684,4.900568325,1
3.708774286,4.100185557,1
3.232686804,3.758229748,1
3.080542838,3.749738949,1
3.030083426,3.523763481,1
3.291329601,3.524282646,1
3.923457675,3.726219288,1
3.185605496,3.546920545,1
2.535303254,3.693516433,1
3.107574567,3.648300448,1
2.602130691,3.758949152,1
2.689742877,4.256550542,1
3.493172474,4.256613361,1
2.923949554,3.707347634,1
2.826756691,3.841187336,1
3.185972147,4.127639683,1
3.111499093,3.515442571,1
3.38254346,4.223096663,1
3.231362229,3.963100017,1
2.821581919,3.887653467,1
3.428151078,5.236554889,1
3.046773236,4.333496832,1
3.792019785,3.824107153,1
3.213147839,3.453526488,1
2.588915837,4.138492869,1
3.260708226,3.638573823,1
2.608871989,4.308566775,1
3.528369508,3.317887302,1
3.092474197,3.894808005,1
2.115121099,3.848675843,1
2.562855344,4.155725977,1
3.14340695,3.697678376,1
2.806385732,4.415086473,1
2.875585834,2.576792224,1
3.795064116,3.525946648,1
2.927752614,4.710049255,1
2.324873864,3.601580959,1
2.864977495,3.245893278,1
3.515045396,3.313664571,1
3.014142191,3.754878268,1
3.465595781,4.040251267,1
2.983756505,4.859583778,1
2.780611438,3.108180228,1
3.242786759,3.561494046,1
1.512002605,4.070658754,1
2.543846132,4.800872383,1
3.220034191,3.762604271,1
2.807204313,4.350784201,1
3.254580767,4.252395719,1
2.577774879,3.754283606,1
2.757412594,3.946102242,1
2.515791208,4.073394824,1
2.921888678,3.974340688,1
2.962167086,3.691398991,1
2.835843777,4.008660136,1
3.953614962,4.553011124,1
2.48074314,3.809622989,1
3.818174899,4.12819546,1
2.848134547,4.32801656,1
2.510681937,4.073765388,1
3.311227234,3.841461907,1
3.062634543,3.891430461,1
2.991931177,3.029433014,1
2.749776721,4.228602071,1
3.173085009,4.076043185,1
2.864545973,3.035686422,1
3.035837743,3.999968673,1
3.176093914,4.422762776,1
3.406658773,3.352841544,1
2.541104407,3.821209907,1
3.077302094,3.518066537,1
3.318339137,3.6387602,1
2.909699274,3.603326427,1
2.080461075,3.282405742,1
3.272292732,4.232953973,1
3.194781455,4.167550385,1
3.123732275,4.084708132,1
3.145315241,4.181796929,1
3.925304143,4.02165683,1
3.32106729,3.690000282,1
3.015956338,4.1286109,1
2.254315065,4.273647771,1
3.495860659,3.942853011,1
3.713431441,3.725301438,1
2.602174481,4.374140549,1
3.497583615,4.314778917,1
3.157606717,3.350827904,1
2.76741305,3.483073184,1
3.34588455,3.733867352,1
2.330941169,3.501267372,1
2.335806914,3.684374337,1
3.250931376,4.297195112,1
3.325202886,4.713145107,1
3.012454811,4.44779448,1
2.727624772,3.347989937,1
2.555964803,4.045781474,1
3.408971366,4.008783001,1
3.087077672,3.778578003,1
2.789573561,3.624558011,1
2.702910816,4.082911101,1
1.959141343,3.917248448,1
3.351637083,3.591256155,1
2.83559808,4.119242735,1
2.793345407,3.367119219,1
3.031561256,4.298875311,1
3.550666571,4.013443834,1
3.020027921,4.227457147,1
3.797246362,4.263296168,1
3.873447737,4.166878197,1
3.115244234,4.221596937,1
3.971043538,4.76812192,1
3.489303174,4.320436578,1
2.997509596,4.026906359,1
3.644937697,3.174153697,1
3.190100975,3.856090021,1
2.861313864,3.57451605,1
2.98778843,3.91158229,1
3.210251112,4.338012927,1
2.440554711,3.94494228,1
2.554003482,3.495059956,1
2.774427199,4.360830848,1
2.917438342,4.79176128,1
2.812085749,4.614981787,1
1.931170803,4.483621978,1
2.363716972,4.681418716,1
3.30133594,3.721165756,1
2.568588985,3.466436768,1
3.178273503,3.33619979,1
3.035726214,4.274377231,1
2.718801449,4.315449344,1
3.094139804,4.179652287,1
2.527756897,4.03707457,1
2.641644698,4.755325509,1
2.647512665,3.94621982,1
2.37150367,3.872569438,1
3.359110684,3.914226619,1
2.936001513,3.404897111,1
3.842322506,3.772787153,1
2.851322522,3.654511093,1
2.2818624,4.044614159,1
2.598811681,3.701988415,1
2.439047475,3.943894195,1
3.451982359,3.374037083,1
3.072826381,3.9945192,1
3.21467396,3.378408802,1
2.782809829,4.90495262,1
3.096233008,3.631457438,1
4.11925453,3.888831136,1
2.901835088,3.961863994,1
2.83602145,4.23540082,1
3.385816713,4.335844738,1
2.606991182,4.240102644,1
2.955561625,3.652108936,1
2.79932817,4.666051289,1
2.818795655,3.726467153,1
3.050744884,4.648550861,1
2.0935477,3.939630592,1
3.720981181,4.370023145,1
3.241922032,3.932656104,1
3.238641502,3.499597083,1
3.767843863,3.883048613,1
2.708193259,4.559196585,1
3.324899165,3.795623466,1
3.028126554,4.06372906,1
3.238984421,4.172773364,1
2.982923446,4.109698192,1
3.010041448,3.879595895,1
3.510021583,3.675824814,1
3.495925462,4.355041312,1
3.193093826,4.334695856,1
2.686051238,3.778920023,1
3.112531652,3.787017885,1
2.516864204,4.448883329,1
3.331823973,4.3035628,1
2.72740947,4.326003377,1
3.464055198,4.097373668,1
2.827155384,4.475180958,1
3.147929222,3.933921313,1
1.918561239,3.473659421,1
3.019209359,3.70245568,1
2.705842927,4.141741448,1
2.871855165,3.289659166,1
2.288617798,4.62210627,1
3.066438374,4.039879332,1
2.375508224,3.989349359,1
3.272625046,5.485451569,1
2.923813346,3.964255503,1
3.154829192,3.729366219,1
2.781342958,3.533888534,1
2.908538159,4.020490262,1
3.194984912,3.990411065,1
2.872465142,4.677012615,1
2.593180456,4.148797146,1
3.219302659,4.211039995,1
3.30946853,3.766201442,1
2.901512983,4.483459565,1
4.112461273,4.180550132,1
2.722817566,4.853412526,1
3.611056347,3.828542522,1
2.822235288,4.080884846,1
2.194236554,4.077364372,1
1.977008897,3.671396114,1
2.312953174,3.969849302,1
3.33402435,4.338805958,1
2.62553383,3.553129159,1
2.3017075,5.303285546,1
3.023503764,3.887710569,1
3.330045524,3.311384706,1
3.393308085,3.44062352,1
3.299753921,3.601150781,1
3.370442345,3.941814995,1
3.265597714,4.49268304,1
3.175829403,3.945554085,1
2.981537811,4.271240036,1
2.685723448,3.966997833,1
2.803500402,3.696853218,1
2.952847521,3.475357469,1
2.613897579,3.543253846,1
3.090215653,4.183093083,1
2.953923492,4.420804351,1
2.551448053,4.407591298,1
2.792599484,3.405490363,1
3.159272451,4.00540231,1
3.243890092,4.159530864,1
3.554204484,4.049036582,1
3.473387613,4.190088899,1
2.62879674,4.193761545,1
2.738012694,4.598177889,1
2.905686125,3.901261581,1
3.258041556,4.642912074,1
3.418525051,2.89761331,1
2.339488386,4.024878591,1
3.07447556,4.42067621,1
3.107394679,3.992014567,1
3.117686448,4.314522364,1
2.677995234,4.575431127,1
3.225653156,4.180392066,1
3.196079118,4.39106552,1
2.925261575,3.757643308,1
2.712071262,4.172013002,1
3.341816437,4.261093211,1
3.894569526,4.218157534,1
3.462161783,4.010961739,1
2.351694946,4.023662729,1
2.915583777,4.46242892,1
1.675607938,5.249681686,1
3.612250918,3.522082714,1
2.558914891,3.613646129,1
3.348725253,3.57942687,1
2.885411703,3.483980474,1
2.622682928,3.971460436,1
3.1203622,3.658199873,1
3.123176024,4.424795192,1
2.875477416,3.873764061,1
3.222588145,4.516280038,1
2.787826824,3.052167834,1
3.022568008,5.863316219,1
2.831613136,3.88867338,1
2.637911197,3.899809565,1
1.892862711,4.234818734,1
2.171264062,4.198780254,1
3.412883085,4.366934668,1
3.524131943,3.600045068,1
3.063272006,3.94511806,1
3.381302066,4.012211687,1
2.656389604,4.290977415,1
2.230442675,3.634677269,1
3.595648019,4.331396675,1
3.427045834,3.911308698,1
2.34588977,3.912391815,1
2.341050272,3.905351633,1
3.057251726,3.941398989,1
2.905433425,4.792873787,1
2.611266945,4.094227497,1
2.188355042,3.58480929,1
2.756870815,3.443747696,1
2.337272263,3.951306507,1
2.817556591,3.3170029,1
3.021170772,3.714194144,1
2.818904144,4.173346221,1
2.18672425,3.618137016,1
3.266759654,4.264811063,1
2.191400932,3.561731247,1
3.365493158,4.578059655,1
2.720032495,3.641291305,1
3.064090898,3.370014235,1
3.01810469,3.847280446,1
3.310286635,4.278370951,1
2.106907256,4.487395601,1
2.390390737,4.198285769,1
3.233153814,4.311182891,1
2.991298577,4.084963959,1
2.471661438,4.024688332,1
2.617965522,3.478990819,1
2.141887955,3.564748388,1
3.271978884,3.903468345,1
2.550845324,4.503260717,1
3.084120303,4.515195642,1
3.53644411,3.813609838,1
3.063763526,3.969887796,1
3.731060338,4.101773046,1
2.670262254,3.388587426,1
3.319957479,3.873769304,1
2.66636214,3.917154929,1
2.455497427,4.547392242,1
3.414355007,4.426634799,1
3.157777696,3.601581656,1
3.260264218,3.525805705,1
2.718119994,3.381315377,1
3.232293685,4.185625239,1
3.005970504,3.680095312,1
2.466597514,4.548835463,1
2.702876745,4.317948272,1
2.949504707,3.27753526,1
2.97754139,3.761716321,1
3.650040566,4.516756047,1
2.638107692,3.488831798,1
2.980185798,4.612260619,1
2.704731278,3.705208219,1
2.925059278,3.997707539,1
3.468585897,3.587604019,1
2.977720144,3.822583178,1
3.226270914,4.281320047,1
2.934756831,3.791586829,1
2.021491102,4.686409335,1
2.434191642,4.301280803,1
2.692558492,4.10557696,1
3.120396251,4.541047624,1
2.127559789,3.890863814,1
3.178745172,3.128026994,1
2.83764173,4.384390282,1
3.605292978,3.329371596,1
3.11243034,3.405280158,1
3.436228093,4.009866851,1
2.825885597,3.120594877,1
3.213353603,4.155401151,1
3.340945129,3.859536414,1
2.52700415,3.569447022,1
3.232965965,4.055916904,1
2.685351811,4.079559778,1
3.197108273,3.654101816,1
2.512321567,4.667603814,1
3.0546902,4.214638753,1
2.347866022,4.632972439,1
2.775843785,4.253235389,1
2.368998979,4.534826303,1
2.934468984,4.320038459,1
2.305498646,4.232062773,1
3.063183568,3.598892974,1
3.133797129,3.628392896,1
2.775053368,3.235322564,1
3.569758309,3.758695598,1
3.537328209,3.776961545,1
3.776319718,3.871595877,1
3.026281262,4.623918964,1
3.274354605,4.167988157,1
2.821058859,4.195738949,1
2.70228057,4.21268688,1
2.097407322,3.813250213,1
3.562477217,3.050249432,1
3.446528193,3.644054623,1
2.366967985,4.363068651,1
2.367129534,3.741964723,1
2.73637929,4.823287485,1
2.258751359,3.471712408,1
3.597373132,3.412044874,1
2.586136554,4.439336,1
1.827643527,3.301978112,1
3.025620428,4.243959421,1
2.164112602,3.094378092,1
3.19526199,3.505428149,1
1.955923122,4.642901975,1
2.594403037,3.332613854,1
2.678803001,3.980930349,1
3.440761631,3.260151637,1
2.847835452,4.802889431,1
2.582457891,3.726118755,1
3.578732557,4.076851028,1
3.000389335,4.400333319,1
3.326438939,3.168652482,1
2.562748408,3.720235704,1
2.594268935,4.36344444,1
2.92740112,3.361435856,1
2.665950442,3.149895343,1
2.639517625,3.78752123,1
3.296907321,4.653273368,1
2.769496488,3.400859766,1
3.238614003,4.621320884,1
2.737378658,4.208510423,1
2.742660284,4.39449145,1
3.417199408,4.611922479,1
2.931371771,3.381151799,1
2.680706576,3.378679477,1
2.532301252,4.703320977,1
2.638438411,4.260477129,1
3.862956675,4.331102974,1
2.381748404,3.205474711,1
2.669112587,3.941404265,1
3.353184252,3.915152528,1
3.361160186,3.861862477,1
2.081923541,3.666747861,1
2.668562932,4.380484045,1
2.585622507,3.418121597,1
2.990873621,3.591869222,1
3.474606266,4.138788551,1
2.177786344,4.530986966,1
2.490526479,4.365212236,1
2.325599033,3.893195713,1
3.094525521,3.511906001,1
2.595600427,3.640218466,1
2.979120368,3.536133743,1
3.333559168,4.43392103,1
2.95508915,3.005710009,1
3.12655408,4.96923228,1
3.832287659,3.838939725,1
3.840446387,4.144318234,1
3.19492533,4.28092889,1
3.437918656,3.593256169,1
2.694608884,4.278769877,1
3.009129308,3.766847223,1
2.654416364,4.072594068,1
2.456584083,3.992053209,1
3.513020808,2.824247185,1
2.766640772,3.974702598,1
2.856894491,4.542248473,1
3.257077963,4.216561524,1
2.793710949,3.39731762,1
3.642874203,4.739144108,1
3.212298741,3.534757559,1
3.114632371,3.874031376,1
2.576101473,4.305982268,1
2.617144478,4.20355021,1
2.975929594,4.199557759,1
3.126062712,5.00851805,1
2.637327677,4.336603905,1
2.951910335,3.705207824,1
3.159501693,4.100554866,1
2.319762127,4.448303574,1
2.730972579,3.857658457,1
3.032200905,3.472447232,1
2.594512496,4.29378295,1
3.100278254,3.713256491,1
3.284167846,4.198649011,1
3.320242273,4.238235307,1
3.793406455,4.205152731,1
2.810301966,4.312688814,1
3.052339838,3.70563783,1
2.342551649,4.039806323,1
3.59619911,3.677177029,1
2.931111364,4.277236115,1
3.285736438,4.43882168,1
2.352953607,3.455107375,1
2.481111181,4.22107073,1
2.709105258,4.592375341,1
3.749003312,4.687065067,1
3.792310324,3.952755419,1
3.671706774,4.350942034,1
3.081637724,4.745562914,1
2.443534848,3.497132236,1
3.7787137,3.988178829,1
3.983995721,3.677705977,1
3.151933127,3.922812336,1
2.919003215,4.059689415,1
2.95001767,3.765617237,1
2.649981058,4.186865577,1
3.426928943,4.060065224,1
3.569426066,3.841820097,1
3.109259247,3.88030387,1
2.549859322,3.672734531,1
3.578467318,2.706897281,1
2.940687982,3.814264295,1
2.610796437,3.940875395,1
3.371661374,3.271628534,1
2.745441047,3.927014138,1
2.324649919,4.289058148,1
2.814197128,4.297927536,1
2.640040953,4.564725342,1
3.485799125,4.422878159,1
2.606125148,3.346618727,1
2.9820649,4.38951547,1
3.09802267,2.919813665,1
3.47723079,2.808417479,1
2.664164527,3.616898883,1
3.252584514,3.695564153,1
3.573066876,3.568271063,1
3.730804543,4.195794831,1
2.129035924,3.614088698,1
2.967080421,3.895817282,1
2.753716489,5.48461036,1
3.629576223,4.580634314,1
3.853708572,4.029498346,1
2.494444757,4.672704376,1
2.880581945,3.847404084,1
3.133322818,4.2225606,1
2.521954544,4.077382245,1
3.281686249,4.754928674,1
3.104089953,3.992700679,1
3.380965058,3.346973439,1
2.808098522,4.077339505,1
2.207390168,3.509383536,1
2.735364089,3.901023843,1
3.256122603,4.712186798,1
3.162996819,3.218137447,1
3.025547657,3.868606363,1
3.136688154,5.061573028,1
3.623826277,3.929520801,1
2.86270641,3.377826705,1
3.560264404,3.844744219,1
2.661234778,4.25381951,1
3.182093066,4.20770552,1
3.009832993,4.482069703,1
3.959013172,4.170952333,1
2.992523725,3.256855362,1
3.26132307,3.220215352,1
2.499600064,3.680539401,1
4.313966007,4.259503648,1
2.902811767,3.687230062,1
2.787792208,3.715227147,1
3.829171623,3.819276023,1
2.377907948,4.550921953,1
3.333522132,3.199578861,1
3.357871506,3.962141304,1
1.912842535,3.923087826,1
3.70469141,3.825957905,1
2.836833964,2.955112321,1
4.056261739,3.832347507,1
3.133424541,3.624269775,1
2.890856811,3.132704174,1
2.926334925,3.573183822,1
2.725601709,3.676335158,1
2.930686202,4.216345715,1
2.58715072,4.56682776,1
3.168307474,4.295999985,1
3.414830903,3.674020853,1
3.04106775,4.21223145,1
2.63603762,3.606839289,1
2.463116864,3.466020618,1
2.470841036,4.720007081,1
3.911092535,4.074852224,1
3.013886517,4.154319678,1
2.841818255,3.723243215,1
3.580936572,3.504731281,1
2.835861586,4.47409702,1
3.280404925,3.972233359,1
2.069641927,4.851701855,1
2.961695507,3.880023263,1
3.858681039,4.454238023,1
3.284236199,3.998949808,1
3.098911044,4.388165084,1
